method,n_flagged,pct_flagged,sepsis_rate_flagged,sepsis_rate_unflagged,sepsis_rate_overall,lift
iqr_Temp,23865,1.537485262947668,0.06939032055311126,0.017181984434142816,0.01798467990800214,3.85830167164869
iqr_2plus_vitals,18748,1.2078262606219519,0.05872626413484105,0.017486576126438086,0.01798467990800214,3.2653494215769316
isolation_forest,31045,2.000051539417991,0.057722660653889514,0.017173679383893265,0.01798467990800214,3.2095461775889755
iqr_Resp,58726,3.783379826183313,0.0450907604808773,0.016918828725316106,0.01798467990800214,2.507176147228204
iqr_HR,17409,1.1215621597593108,0.044287437532310875,0.017686331973982294,0.01798467990800214,2.4625090776625687
iqr_WBC,40775,2.6268997107350165,0.0418638871857756,0.01734047444977786,0.01798467990800214,2.327752698403523
iqr_any_vital,170146,10.961532266896876,0.041340965993911113,0.015109285821785388,0.01798467990800214,2.2986767740868594
iqr_Lactate,33166,2.1366954213669542,0.03343785804739794,0.01764728342299499,0.01798467990800214,1.859241210766283
iqr_SBP,17725,1.1419202298658042,0.021664315937940763,0.017942176039518143,0.01798467990800214,1.2045983608694308
