feature,mean_abs_shap
Lactate_max_12h,0.2522981
partial_sirs_score,0.1255075
Lactate_hours_since_last,0.10288828
Bilirubin_total_ffill,0.098058574
Temp_max_6h,0.092338905
Bilirubin_total_hours_since_last,0.08869679
Lactate_ffill,0.08035789
Temp_ffill,0.07115083
Resp_mean_12h,0.07099145
Temp_max_12h,0.06599865
BUN_ffill,0.057056017
shock_index,0.04998602
Temp_max_3h,0.04930071
Resp_min_12h,0.048613876
Potassium_mean_12h,0.04835162
Lactate_min_12h,0.044819262
MAP_min_3h,0.04470191
Potassium_min_12h,0.042448826
SBP_std_6h,0.042422373
Temp_std_12h,0.04214049
SBP_std_12h,0.04160681
MAP_min_6h,0.039121963
Lactate_max_6h,0.03879283
Resp_slope_12h,0.03836653
Creatinine_max_6h,0.03638161
Potassium_hours_since_last,0.036325544
Glucose_std_12h,0.03600722
WBC_ffill,0.033987217
BUN_max_3h,0.032778434
Resp_std_12h,0.03237314
Temp_missing,0.032201707
HR_slope_12h,0.031704504
Potassium_max_12h,0.030908521
HR_max_6h,0.030182192
BUN_min_12h,0.029695855
Temp_hours_since_last,0.029636255
HR_std_6h,0.028632144
Creatinine_min_3h,0.027614426
Temp_min_12h,0.02753655
HR_max_12h,0.027249936
O2Sat_max_6h,0.026881153
Creatinine_max_3h,0.026158798
Glucose_std_6h,0.025935065
BUN_mean_3h,0.025840763
MAP_max_12h,0.025307799
BUN_mean_12h,0.025091188
Glucose_max_12h,0.02466765
O2Sat_std_6h,0.024658106
O2Sat_mean_12h,0.0245085
BUN_slope_12h,0.024032606
HR_slope_6h,0.024030132
Creatinine_ffill,0.023933275
Temp_std_6h,0.023562465
DBP_max_12h,0.023263946
SBP_mean_12h,0.023251114
Temp_mean_12h,0.022642262
Resp_std_6h,0.022605747
Creatinine_max_12h,0.021452129
O2Sat_min_6h,0.021098118
Resp_std_3h,0.019735089
BUN_min_6h,0.01971573
Platelets_slope_12h,0.01957376
Potassium_slope_12h,0.019468335
Glucose_mean_12h,0.019464785
WBC_max_12h,0.019026093
SBP_max_12h,0.018953158
Platelets_max_12h,0.018768298
WBC_max_6h,0.018536264
SBP_min_6h,0.018354593
Creatinine_min_6h,0.018134264
MAP_min_12h,0.017871289
WBC_slope_12h,0.017833998
Glucose_min_12h,0.01740961
Resp_max_12h,0.017014742
HR_slope_3h,0.016679505
BUN_max_12h,0.016511017
WBC_max_3h,0.016216412
Resp_mean_6h,0.015867317
WBC_std_12h,0.015862359
MAP_std_6h,0.015833925
Lactate_min_6h,0.015727706
Glucose_min_6h,0.015691336
DBP_min_12h,0.015148987
Platelets_mean_12h,0.0149960285
MAP_std_12h,0.014283508
Platelets_ffill,0.014067819
O2Sat_max_3h,0.013779377
Creatinine_min_12h,0.013702385
Platelets_std_12h,0.01369886
Glucose_hours_since_last,0.0130265625
MAP_mean_12h,0.012981372
HR_std_12h,0.012713318
WBC_min_12h,0.012641695
O2Sat_min_12h,0.01252225
SBP_slope_12h,0.012422632
DBP_max_6h,0.012258494
Lactate_mean_12h,0.0122183375
DBP_mean_12h,0.011698291
Temp_slope_12h,0.011589576
Glucose_max_3h,0.011282817
SBP_min_3h,0.01126502
Platelets_min_12h,0.011138701
Glucose_max_6h,0.011015355
DBP_slope_12h,0.011012091
BUN_max_6h,0.01100772
SBP_mean_6h,0.010478595
DBP_min_6h,0.010420159
SBP_min_12h,0.0103823375
Resp_max_6h,0.010204239
Platelets_hours_since_last,0.010005723
HR_min_12h,0.009936145
Bilirubin_total_min_12h,0.009856157
WBC_hours_since_last,0.009828101
O2Sat_ffill,0.009796723
Creatinine_mean_6h,0.009769752
Lactate_std_12h,0.009547964
Temp_mean_6h,0.0094766235
HR_mean_12h,0.009452352
Temp_std_3h,0.009359
SBP_hours_since_last,0.009227666
Resp_min_6h,0.00917533
Platelets_max_6h,0.009140945
HR_ffill,0.008752306
Creatinine_mean_12h,0.008622022
Bilirubin_total_slope_12h,0.008430043
Resp_min_3h,0.00828657
Platelets_min_6h,0.008265115
DBP_hours_since_last,0.008213672
Platelets_min_3h,0.008160635
Temp_velocity_1h,0.008127579
MAP_slope_12h,0.00807585
Lactate_slope_12h,0.008071623
DBP_min_3h,0.008060622
Temp_min_3h,0.008053668
Temp_slope_6h,0.007968371
MAP_max_6h,0.007868273
HR_min_3h,0.007830244
MAP_mean_3h,0.007522103
BUN_min_3h,0.007498938
Creatinine_mean_3h,0.0074352957
Bilirubin_total_max_12h,0.0074344743
Platelets_max_3h,0.0073854034
Glucose_min_3h,0.0071493094
HR_mean_3h,0.007063005
WBC_min_6h,0.0069064284
WBC_mean_12h,0.0067583574
Potassium_min_6h,0.006584844
O2Sat_std_12h,0.0064642485
WBC_min_3h,0.0064416365
Resp_mean_3h,0.0061511444
O2Sat_min_3h,0.006119234
SBP_max_6h,0.0059910826
Glucose_slope_12h,0.005868497
Potassium_max_6h,0.005806616
HR_min_6h,0.005787528
HR_max_3h,0.0057823737
WBC_mean_6h,0.0056107654
Potassium_mean_6h,0.00556005
Bilirubin_total_mean_12h,0.0055110566
O2Sat_slope_12h,0.005469108
Resp_max_3h,0.0054624286
Bilirubin_total_min_6h,0.005434358
BUN_hours_since_last,0.00542633
MAP_mean_6h,0.005415456
DBP_max_3h,0.005389476
DBP_std_12h,0.0053215837
HR_mean_6h,0.005268712
O2Sat_mean_3h,0.005231661
DBP_std_6h,0.005085468
O2Sat_hours_since_last,0.005073428
HR_hours_since_last,0.0049121887
Glucose_mean_6h,0.0047766687
Temp_min_6h,0.00457696
Glucose_ffill,0.0041432884
Creatinine_slope_6h,0.004085766
Potassium_ffill,0.0040602954
O2Sat_std_3h,0.0040221605
DBP_mean_6h,0.00392682
Potassium_mean_3h,0.0039023745
Creatinine_hours_since_last,0.0038924087
SBP_max_3h,0.0038367023
Potassium_std_12h,0.0038173648
Platelets_mean_3h,0.0037063865
Temp_slope_3h,0.0036627385
Platelets_mean_6h,0.0035124135
Bilirubin_total_std_12h,0.0034205993
MAP_std_3h,0.0033050708
WBC_slope_6h,0.0032759113
DBP_slope_6h,0.003252274
DBP_slope_3h,0.0032434966
pulse_pressure,0.0032416077
WBC_mean_3h,0.0032291042
O2Sat_max_12h,0.0032090335
Potassium_max_3h,0.0031515313
MAP_max_3h,0.0031420991
Bilirubin_total_slope_6h,0.0031406702
O2Sat_mean_6h,0.0030940946
MAP_slope_6h,0.0030361693
Potassium_min_3h,0.0029810753
SBP_mean_3h,0.0029229992
BUN_std_12h,0.0028867684
Resp_ffill,0.002843997
DBP_mean_3h,0.002814516
Bilirubin_total_mean_3h,0.002706272
SBP_ffill,0.002662059
DBP_missing,0.0025860118
Bilirubin_total_max_3h,0.0025180453
Creatinine_slope_12h,0.0022462443
Lactate_slope_6h,0.0022311208
BUN_mean_6h,0.00220658
MAP_missing,0.002195111
Potassium_missing,0.0021768825
DBP_ffill,0.0021709623
Glucose_slope_6h,0.0020907002
Bilirubin_total_max_6h,0.0020579996
Glucose_mean_3h,0.0020234943
Lactate_min_3h,0.0019151331
Potassium_std_6h,0.0018991419
Bilirubin_total_mean_6h,0.0018702763
Resp_hours_since_last,0.0018625908
SBP_velocity_1h,0.0017866446
MAP_ffill,0.0017849688
Temp_mean_3h,0.0017466026
MAP_hours_since_last,0.0016480582
Creatinine_std_12h,0.0015595249
SBP_slope_6h,0.0015556329
HR_std_3h,0.0013047167
MAP_slope_3h,0.0012818302
Resp_slope_6h,0.001258945
DBP_std_3h,0.0012352753
HR_velocity_1h,0.0012336896
DBP_velocity_1h,0.0012039214
Lactate_std_6h,0.0012019636
WBC_std_6h,0.0011628291
Lactate_mean_3h,0.0011611581
SBP_slope_3h,0.0011579798
Bilirubin_total_min_3h,0.0010717511
Lactate_mean_6h,0.0010488754
SBP_std_3h,0.001046266
Lactate_max_3h,0.0009783077
O2Sat_slope_6h,0.0008980209
O2Sat_slope_3h,0.0008788978
Resp_slope_3h,0.00084408576
BUN_slope_6h,0.000826783
Platelets_std_6h,0.00075269956
WBC_slope_3h,0.0006874034
Creatinine_std_6h,0.0006156659
BUN_std_6h,0.0005769137
Lactate_std_3h,0.0005530478
Glucose_slope_3h,0.0005286168
Creatinine_slope_3h,0.0004489648
O2Sat_missing,0.00036781596
HR_missing,0.0003571165
Platelets_slope_6h,0.00032837273
Potassium_std_3h,0.00029611433
Creatinine_std_3h,0.00028680306
Resp_velocity_1h,0.00017392616
MAP_velocity_1h,0.00013855506
Bilirubin_total_slope_3h,0.00013225785
SBP_missing,0.00012948237
Platelets_std_3h,0.00010607617
Lactate_slope_3h,9.225482e-05
Glucose_std_3h,6.89977e-05
O2Sat_velocity_1h,5.559216e-05
Resp_missing,3.2085853e-05
Glucose_velocity_1h,2.887351e-05
Potassium_slope_6h,2.3803323e-05
Potassium_velocity_1h,1.8055958e-05
BUN_std_3h,1.760481e-05
BUN_slope_3h,1.6382877e-05
Bilirubin_total_std_3h,1.5133229e-05
Platelets_velocity_1h,1.2287902e-05
BUN_velocity_1h,1.0453785e-05
Creatinine_velocity_1h,8.023784e-06
Potassium_slope_3h,7.214378e-06
Bilirubin_total_std_6h,6.1427227e-06
Bilirubin_total_velocity_1h,4.877599e-06
Lactate_velocity_1h,0.0
WBC_velocity_1h,0.0
WBC_std_3h,0.0
Glucose_missing,0.0
BUN_missing,0.0
Platelets_missing,0.0
Platelets_slope_3h,0.0
Creatinine_missing,0.0
Bilirubin_total_missing,0.0
WBC_missing,0.0
Lactate_missing,0.0
partial_qsofa_score,0.0
